-0.1448025405407,0.12719908356667,-0.013751152902842,-0.024856436997652,0.16102859377861,0.098362892866135,-0.049146458506584,-0.064992368221283,-0.017679465934634,0.098638087511063,-0.063019648194313,-0.021695543080568,0.022368127480149,-0.072922505438328,0.066229663789272,0.099451988935471,-0.071224220097065,0.053593214601278,0.02766621299088,-0.014838313683867,0.14960789680481,-0.1376975029707,0.16295249760151,-0.10930310934782,0.14994996786118,-0.065571241080761,-0.14405256509781,-0.14538645744324,0.096041589975357,0.033603806048632,0.17397321760654,0.030228558927774,0.063975691795349,-0.038260351866484,0.11024458706379,0.043109882622957,-0.016149265691638,0.028418634086847,0.06946374475956,-0.11424400657415,0.052902311086655,-0.050423938781023,0.081119358539581,0.032111201435328,-0.10286396741867,0.030316941440105,0.12254291027784,0.032914999872446,-0.067981623113155,-0.091802164912224,-0.06626833230257,0.012610890902579,0.0010981780942529,-0.084921926259995,0.0054367324337363,0.047093700617552,0.10943654924631,-0.033246267586946,-0.06811086833477,-0.074243456125259,-0.070928148925304,-0.019733311608434,0.043569896370173,-0.080911472439766,0.20375829935074,-0.0015929726650938,-0.13899403810501,0.094558015465736,-0.048643339425325,0.10158394277096,0.036483027040958,0.17991715669632,-0.13028566539288,-0.12217126041651,0.019397201016545,0.071553193032742,-0.074630282819271,0.093098409473896,0.0024881286080927,0.02227352000773,-0.14091655611992,0.041145097464323,0.057576082646847,0.2017318457365,-0.078312233090401,-0.0080615328624845,0.020490385591984,0.13744650781155,0.028193343430758,-0.057320203632116,-0.02344554848969,0.036306913942099,-0.036937560886145,-0.013525104150176,-0.017991164699197,-0.10632061958313,-0.06266862899065,0.24257884919643,-0.11836975812912,-0.018340539187193,0.04908337071538,-0.069481439888477,-0.031876169145107,-0.02300957031548,0.04648794978857,0.070565514266491,0.011998004280031,0.072275221347809,0.19028052687645,0.018268160521984,-0.1400144547224,-0.028665097430348,-0.086798153817654,0.00047654745867476,0.10899072885513,0.047378778457642,-0.081235878169537,-0.0038394760340452,0.0018825528677553,0.20426306128502,0.065186396241188,0.032007992267609,-0.058856505900621,0.00611886754632,-0.10151690989733,0.08174317330122,0.034953325986862,0.11026577651501
-0.11176264286041,0.15112434327602,0.0019980748184025,-0.041437100619078,0.15846782922745,0.078031368553638,-0.057804279029369,-0.070134364068508,-0.066556483507156,0.061423633247614,-0.04568212479353,-0.047544453293085,0.012372164055705,-0.089310839772224,0.098828457295895,0.11461336910725,-0.030690846964717,0.01747383736074,0.04537595808506,0.0026303676422685,0.12741596996784,-0.074580304324627,0.14722892642021,-0.097455054521561,0.12753033638,-0.021728724241257,-0.10893242806196,-0.17891296744347,0.13208146393299,0.026715066283941,0.16477347910404,0.023081937804818,0.068236351013184,-0.025970470160246,0.12790222465992,0.06774440407753,0.013002875261009,0.048063781112432,0.064674638211727,-0.10116498917341,0.029773646965623,-0.045847129076719,0.062429141253233,0.070161856710911,-0.078030459582806,0.17505839467049,0.16672030091286,0.024475293233991,-0.17055347561836,-0.12406203895807,-0.098118059337139,0.018865264952183,0.0050502656958997,-0.11538111418486,-0.013527741655707,0.052221216261387,0.06646841019392,-0.0013374595437199,-0.066193297505379,-0.031798981130123,-0.060418829321861,-0.02070377394557,0.051260259002447,-0.082960046827793,0.23638600111008,-0.050491597503424,-0.12202595174313,0.092553570866585,-0.025041924789548,0.099841214716434,0.020727211609483,0.12315545231104,-0.14472158253193,-0.14960220456123,0.024289323017001,0.052966054528952,-0.093047432601452,0.15525689721107,0.0030581089667976,0.029153810814023,-0.12805771827698,0.057426229119301,-0.026302650570869,0.14783243834972,-0.077230535447598,-0.018370794132352,-0.0037971530109644,0.071096442639828,-0.049325354397297,-0.011101296171546,0.033619001507759,0.049919918179512,-0.086522899568081,0.0005626508500427,0.0074737472459674,-0.050861965864897,-0.017306424677372,0.2129702270031,-0.084019608795643,-0.038960922509432,-0.0076511590741575,-0.055864576250315,-0.058329038321972,-0.026342891156673,-0.021736981347203,0.059805683791637,0.012817376293242,0.098871737718582,0.19934830069542,-0.0029565407894552,-0.091001689434052,-0.020058887079358,-0.10658103227615,-0.030468622222543,0.1225708052516,0.035848241299391,-0.14809446036816,-0.0980484187603,-0.011158368550241,0.18711474537849,0.056854575872421,0.062246087938547,-0.060233026742935,0.0749756321311,-0.059991840273142,0.05779566988349,0.034355763345957,0.030271159484982
-0.12183727324009,0.14829324185848,-0.040565099567175,-0.0078873932361603,0.15726006031036,0.049740236252546,-0.025566507130861,-0.093208581209183,-0.032464992254972,0.098194152116776,-0.040923550724983,-0.075721919536591,0.041644632816315,0.032977808266878,0.10782121866941,0.10171697288752,0.003944419324398,0.060771521180868,0.027066867798567,0.024491392076015,0.093591451644897,-0.16565582156181,0.18098385632038,-0.063166670501232,0.15255886316299,-0.09803219884634,-0.14051511883736,-0.10132434219122,0.12201102077961,0.035394117236137,0.16863413155079,0.057420313358307,0.091346085071564,-0.056699480861425,0.074842289090157,0.088477790355682,-0.020180897787213,0.085255511105061,-0.0059593673795462,-0.13966184854507,0.01885655336082,-0.015882167965174,0.088531337678432,0.041551358997822,-0.12062750011683,0.10599778592587,0.12997306883335,0.055906429886818,-0.090071335434914,-0.10707923769951,-0.10585101693869,-0.0018670159624889,0.016775321215391,-0.12192357331514,0.014069408178329,0.062415439635515,0.043953191488981,0.033659715205431,-0.00012099098967155,-0.071215778589249,-0.12695272266865,0.011242537759244,0.045883566141129,-0.10730929672718,0.19604943692684,0.098726950585842,-0.14386343955994,0.089155130088329,-0.096963427960873,0.086450628936291,0.047857288271189,0.15361608564854,-0.1067181006074,-0.11368522047997,0.050885677337646,0.062122501432896,-0.049078647047281,0.07818179577589,0.0035116244107485,-0.045261990278959,-0.11435177177191,0.024613108485937,-0.046979989856482,0.09774973988533,-0.064169377088547,0.0043393783271313,-0.051234915852547,0.081472814083099,0.0074381045997143,-0.016341025009751,0.021047795191407,0.036099147051573,-0.041019551455975,-0.071857318282127,0.058192398399115,-0.06969179213047,-0.060415651649237,0.24809534847736,-0.062405366450548,-0.036677107214928,0.0072845369577408,-0.071575693786144,0.026452036574483,-0.043976668268442,-0.063917808234692,0.11777650564909,-0.011150196194649,0.049549415707588,0.25296092033386,-0.027632743120193,-0.096112750470638,0.026861054822803,-0.054502818733454,-0.012450462207198,0.10787622630596,0.022518880665302,-0.076439887285233,-0.029108103364706,0.02569143101573,0.20789222419262,0.047796543687582,0.0089870309457183,-0.077720329165459,0.078753881156445,-0.12324240803719,0.084528908133507,0.021479526534677,0.058023486286402
-0.15695986151695,0.11149384081364,0.011193130165339,-0.088969737291336,0.14246354997158,0.053757559508085,-0.053703639656305,-0.0092053478583694,-0.032386541366577,0.073123820126057,-0.11959850043058,-0.033462464809418,0.013215853832662,-0.07533023506403,0.099925495684147,0.05095311626792,-0.059492770582438,-0.060954682528973,0.044260926544666,-0.02543324790895,0.069376021623611,-0.10059975087643,0.14122365415096,-0.22143113613129,0.095815993845463,0.00086806045146659,-0.14239594340324,-0.13501283526421,0.044069197028875,-0.046412747353315,0.17598737776279,0.02334001660347,0.070022098720074,-0.0331403426826,0.10556044429541,0.031701762229204,0.041965324431658,0.081519916653633,0.091255895793438,-0.074623227119446,0.078196421265602,-0.044078752398491,0.037371229380369,-0.011219720356166,-0.070193864405155,0.15390072762966,0.080992579460144,0.014976855367422,-0.09661889821291,-0.10541911423206,-0.13911959528923,0.027205970138311,0.01381176430732,-0.066908493638039,-0.037320464849472,0.0056921932846308,0.10417155176401,-0.074685476720333,-0.11259957402945,-0.031365551054478,-0.023172924295068,-0.0039614997804165,-0.029619241133332,-0.057677961885929,0.20604436099529,-0.034906964749098,-0.096544109284878,0.17801631987095,0.02667130716145,0.033402372151613,0.055088859051466,0.12507857382298,-0.12656861543655,-0.11157037317753,0.038583301007748,0.11168134957552,-0.11691506952047,0.078031159937382,0.039751313626766,0.053539976477623,-0.19170233607292,0.014887047931552,0.058945201337337,0.23764632642269,-0.077868781983852,-0.034276261925697,0.061748672276735,0.14221677184105,0.0091761173680425,-0.087788961827755,-0.025929469615221,0.051564991474152,0.026192754507065,0.015659784898162,-0.053320854902267,-0.1031804010272,0.015500114299357,0.17338488996029,-0.14663426578045,-0.029538180679083,-0.0039170095697045,-0.069057673215866,-0.081467658281326,-0.0059518576599658,0.035811055451632,0.019357977434993,-0.0023741209879518,0.11900458484888,0.14409047365189,0.036019440740347,-0.11085180938244,-0.073119953274727,-0.12884818017483,0.0044617713429034,0.073256015777588,0.030354149639606,-0.1534595489502,-0.052979093044996,-0.010476070456207,0.16369594633579,0.050356641411781,0.089100621640682,-0.06795334815979,0.048548892140388,-0.028335265815258,0.0023264773190022,-3.7639609217877e-05,0.069693997502327
-0.16284170746803,0.11604937911034,-0.015444538556039,-0.064761981368065,0.11950511485338,0.13266921043396,-0.076087854802608,-0.0042353188619018,0.023271238431334,0.10093110799789,-0.032501354813576,-0.013044621795416,0.045681849122047,-0.063057951629162,0.061313405632973,0.067209340631962,-0.081331543624401,0.045556429773569,0.0094470838084817,-0.038823742419481,0.15264381468296,-0.13673438131809,0.13960684835911,-0.066398642957211,0.13474287092686,-0.055939316749573,-0.091124698519707,-0.13036240637302,0.073168255388737,0.0059876567684114,0.20688404142857,-0.015750339254737,0.084055706858635,-0.011730282567441,0.061271138489246,0.065764464437962,-0.0079819886013865,0.018588317558169,0.05458203330636,-0.058160562068224,0.080035872757435,-0.071472629904747,0.064570441842079,0.044408436864614,-0.099904619157314,-0.066049925982952,0.10874258726835,0.02317307330668,-0.048866417258978,-0.076366566121578,-0.063126504421234,-0.0045713018625975,-0.02098642103374,-0.051505401730537,0.0080201122909784,0.085792861878872,0.086586393415928,-0.02029618807137,-0.069463163614273,-0.11346283555031,-0.10841881483793,-0.040643680840731,0.055550642311573,-0.090297915041447,0.15512971580029,0.0037507291417569,-0.10421673953533,0.10804683715105,-0.036300357431173,0.11646685004234,0.032587230205536,0.15858523547649,-0.15047585964203,-0.12824973464012,0.068421088159084,0.069731675088406,-0.08682681620121,0.11169734597206,-0.007669678889215,0.018842978402972,-0.174610465765,0.044362999498844,0.11599028855562,0.20860227942467,-0.098483018577099,0.03359367325902,0.07159373909235,0.14468072354794,0.057058341801167,-0.065583802759647,-0.046568416059017,-0.022362282499671,-0.015354446135461,-0.013293454423547,-0.020561156794429,-0.11448477208614,-0.09780378639698,0.22170512378216,-0.13159765303135,-0.0064386962912977,0.029795929789543,-0.077439740300179,-0.040337976068258,0.0027760290540755,0.064390584826469,0.081248134374619,-0.03671808168292,0.037665601819754,0.12006741762161,-0.027324812486768,-0.1618991792202,-0.020140020176768,-0.088900499045849,0.010436542332172,0.10824915766716,0.04872041195631,-0.060864612460136,-0.030099725350738,0.033225871622562,0.21500764787197,0.10825469344854,0.00060907786246389,-0.063682913780212,0.0053276792168617,-0.10791858285666,0.076591074466705,0.026565941050649,0.16053541004658
-0.017612442374229,0.093091920018196,-0.098758108913898,-0.079380333423615,-0.0053977416828275,0.0039909826591611,-0.081531316041946,-0.064866878092289,0.089594773948193,-0.12018720805645,0.065214864909649,-0.07916846871376,0.11163228005171,0.16762068867683,0.06871447712183,0.073689743876457,0.048503626137972,-0.093928270041943,-0.00057181308511645,-0.081437796354294,0.091279588639736,0.06848207116127,0.13552352786064,-0.095022216439247,0.065349355340004,0.027616016566753,0.099640764296055,-0.074533946812153,0.08067961782217,0.10754122585058,0.15013867616653,0.072012737393379,0.19120040535927,-0.019710460677743,-0.021284285932779,0.039022348821163,0.097349718213081,0.21671363711357,0.050754696130753,0.060711622238159,-0.022205252200365,0.037828832864761,-0.0068320636637509,0.1161063760519,-0.085765711963177,0.054798621684313,0.052555661648512,-0.090204618871212,-0.012942359782755,-0.16106836497784,-0.096714496612549,0.027227580547333,0.082788832485676,0.019726760685444,-0.085464276373386,0.077162757515907,0.041901998221874,0.082057781517506,-0.0015615738229826,-0.06942555308342,-0.17123429477215,-0.15650244057178,0.064654611051083,-0.059971395879984,0.054732393473387,0.026444010436535,0.039490271359682,0.11313520371914,0.056648053228855,-0.0077638188377023,0.02160818874836,-0.075387559831142,-0.10819564759731,-0.18675163388252,0.12142958492041,0.0046748658642173,-0.1061999425292,-0.077849693596363,-0.15131132304668,0.10989735275507,-0.017760122194886,0.0080163832753897,0.015844633802772,0.022749336436391,-0.020195405930281,0.018045477569103,0.032223828136921,-0.097159020602703,-0.12903758883476,-0.070335656404495,-0.035801772028208,-0.13231353461742,-0.078169874846935,-0.035161722451448,0.056530255824327,-0.046967640519142,-0.078711435198784,0.16489519178867,0.043885316699743,0.018608262762427,-0.11721720546484,-0.032431930303574,0.067036919295788,0.15372258424759,-0.13431859016418,-0.023027801886201,-0.066464804112911,0.078551597893238,0.11486913263798,-0.191705301404,-0.04576737806201,-0.034444507211447,-0.17426832020283,0.028370890766382,0.033288769423962,0.052500132471323,-0.10656746476889,-0.12294225394726,0.054297219961882,0.10465797781944,0.089938499033451,0.044758718460798,-0.08213522285223,0.074295371770859,0.048510305583477,-0.058622654527426,-0.0049166809767485,0.12125919759274
-0.090097211301327,0.13289628922939,-0.10475169867277,-0.032977540045977,0.0065776365809143,-0.0038176397792995,-0.025279181078076,-0.083607845008373,0.033049646764994,-0.056468538939953,0.018541909754276,-0.075778014957905,0.10816415399313,0.13993905484676,0.014761077240109,0.098770543932915,0.026916781440377,-0.083639815449715,0.0093264281749725,-0.05328219756484,0.1127341017127,-0.09778855741024,0.14350257813931,-0.1025645211339,0.083547286689281,0.0085193300619721,-0.020966444164515,-0.09771653264761,0.13920922577381,0.094186656177044,0.14285713434219,0.10190223157406,0.14892905950546,-0.078161932528019,-0.025100352242589,0.0071659553796053,0.04503009468317,0.25614908337593,0.030474027618766,0.0019509905250743,-0.011453088372946,0.039204854518175,0.036354381591082,0.068494953215122,-0.075571574270725,0.042225446552038,0.10407633334398,-0.098647587001324,-0.055192708969116,-0.21089446544647,-0.13222554326057,-0.011623428203166,0.08795840293169,-0.011120977811515,-0.05626142770052,0.088228695094585,0.067326180636883,0.11762942373753,0.016385549679399,-0.10526093095541,-0.14613565802574,-0.075786180794239,0.084062077105045,-0.088190853595734,0.12768857181072,0.14332465827465,-0.0017819886561483,0.066189654171467,0.00048620297457092,-0.057261358946562,0.0082212500274181,-0.0073246974498034,-0.086707420647144,-0.11421872675419,0.14594921469688,0.035018712282181,-0.081801787018776,-0.064075499773026,-0.099572867155075,0.044979959726334,-0.083721227943897,-0.01157090254128,-0.0068243476562202,0.027886062860489,-0.044369176030159,0.027098536491394,0.0028702057898045,-0.046264626085758,-0.081973940134048,-0.1216294914484,-0.033500585705042,-0.097556322813034,-0.030455676838756,-0.074850648641586,0.079229153692722,-0.071548916399479,-0.042400229722261,0.22675389051437,0.022801266983151,0.05390202626586,-0.11029662191868,-0.07539989054203,0.063536301255226,0.14820647239685,-0.14541518688202,0.043725896626711,-0.021098263561726,0.12458600103855,0.15007318556309,-0.19704006612301,-0.081213414669037,-0.0067513007670641,-0.13353277742863,-0.0064211785793304,0.057321384549141,0.061493348330259,-0.14075312018394,-0.054122943431139,0.061454147100449,0.10872549563646,0.012072397395968,0.021314984187484,-0.10098116844893,0.036956768482924,-0.030189389362931,0.037139751017094,-0.080389402806759,0.0937390178442
-0.060841847211123,0.065085902810097,-0.076482482254505,-0.10702231526375,-0.052399449050426,0.10921857506037,-0.10010702162981,0.0084734633564949,-0.045958314090967,0.010516002774239,0.060341220349073,-0.065854720771313,0.096026375889778,0.080768905580044,0.10001048445702,0.065405398607254,-0.050126574933529,-0.030525211244822,0.070577099919319,-0.13372094929218,0.03840347379446,0.073358677327633,0.15083493292332,0.009574537165463,0.059231463819742,0.086323902010918,0.20540028810501,-0.11334212124348,0.10844882577658,0.03174365311861,0.10487126559019,0.0078831408172846,0.11976976692677,-0.010499644093215,-0.058476138859987,0.015777325257659,-0.0040520788170397,0.085879318416119,0.0041355085559189,0.12458497285843,0.015363477170467,-0.078526616096497,-0.020813815295696,0.20915086567402,-0.15514847636223,-0.037800624966621,0.10761276632547,-0.05020685121417,-0.065893493592739,-0.12571991980076,0.052532956004143,-0.010544597171247,0.047320619225502,-0.0071490006521344,-0.072685353457928,0.12129667401314,0.11659090965986,0.12229264527559,0.11711568385363,-0.097814999520779,-0.18739597499371,-0.12311527878046,0.0909553617239,-0.0020703971385956,0.056736566126347,0.038658656179905,0.018528355285525,0.017388258129358,0.057507887482643,0.080103270709515,-0.099547244608402,-0.0052424753084779,-0.092312455177307,-0.11644841730595,0.15635022521019,-0.073650635778904,-0.12801107764244,0.0004992745234631,-0.1212727651,0.096671655774117,0.029140699654818,-0.037934310734272,0.069688349962234,-0.0068251518532634,-0.060113299638033,0.00083906366489828,0.082978650927544,-0.075970590114594,-0.098584309220314,-0.046333774924278,-0.04379054531455,-0.042329337447882,-0.11324638873339,-0.068414442241192,0.02694427780807,0.0023002100642771,-0.075722418725491,0.22979076206684,0.077491372823715,-0.0095800524577498,-0.077767878770828,0.0070025157183409,0.10637988895178,0.12732471525669,-0.080503851175308,-0.052612327039242,-0.113574616611,0.049728028476238,0.073455102741718,-0.20796352624893,0.0035044203978032,0.086369082331657,-0.062825366854668,-0.060884416103363,0.030318271368742,0.039641875773668,-0.025292171165347,-0.11427218466997,0.088703297078609,0.10785287618637,0.16199511289597,-0.10930991917849,-0.054719872772694,-0.032114334404469,-0.055734280496836,0.0040073795244098,-0.036120593547821,0.18259806931019
-0.051880046725273,0.13878686726093,-0.10912664979696,-0.053465019911528,-0.0074203168042004,0.02150402776897,-0.043171100318432,-0.11985508352518,0.077722273766994,-0.115070566535,0.039961896836758,-0.056970931589603,0.091122165322304,0.13188602030277,0.01722757332027,0.060238249599934,-0.0045877387747169,-0.087755367159843,-0.00051965605234727,-0.087231367826462,0.091129310429096,0.014899671077728,0.13939501345158,-0.088449887931347,0.070736035704613,0.0076624471694231,0.05612351000309,-0.09686066955328,0.10685217380524,0.13209421932697,0.14583630859852,0.068796828389168,0.16513319313526,-0.057168304920197,0.00029926098068245,0.010157226584852,0.0582020804286,0.22196194529533,0.034081790596247,0.058372139930725,-0.015434277243912,0.027802530676126,-0.001941139693372,0.1228735819459,-0.10491931438446,0.069754660129547,0.082647062838078,-0.093761719763279,-0.035234976559877,-0.16868826746941,-0.097065135836601,0.044272284954786,0.10454279929399,-0.0045280479826033,-0.07092459499836,0.087268710136414,0.063804276287556,0.12361586838961,-0.0060725836083293,-0.07492296397686,-0.17565786838531,-0.11777748167515,0.11245021224022,-0.070069387555122,0.099243961274624,0.035645946860313,0.029385756701231,0.062515825033188,0.0031481857877225,0.004291370511055,0.023065181449056,-0.045879997313023,-0.099042549729347,-0.14487095177174,0.1335011869669,0.028348134830594,-0.11724946647882,-0.094122841954231,-0.14394824206829,0.11253205686808,-0.038037907332182,-0.0038551141042262,0.010419886559248,0.040903747081757,-0.039115354418755,0.0055918064899743,0.016668351367116,-0.10080794990063,-0.13869851827621,-0.08601338416338,-0.040780272334814,-0.12796403467655,-0.050923481583595,-0.066035449504852,0.059602718800306,-0.074124164879322,-0.055966690182686,0.19441796839237,0.065367646515369,0.033300809562206,-0.10205618292093,-0.020710857585073,0.068664737045765,0.15882784128189,-0.14844226837158,-0.0096366973593831,-0.038331795483828,0.12235753983259,0.11816710233688,-0.17691162228584,-0.026369633153081,-0.02370516397059,-0.16095796227455,0.0066133080981672,0.022710015997291,0.08155570179224,-0.12255670130253,-0.07387325912714,0.078088246285915,0.13046634197235,0.06766914576292,0.0131302094087,-0.10935346782207,0.031155444681644,0.017009420320392,0.00068825390189886,-0.035935774445534,0.11716831475496
-0.031674183905125,0.1016093865037,-0.065159901976585,-0.017008589580655,-0.01862845569849,-0.044284850358963,-0.074355274438858,-0.078941866755486,0.015147518366575,-0.12372462451458,0.04730136692524,-0.07462640106678,0.11247036606073,0.16974963247776,0.050807878375053,0.065060131251812,0.08921267837286,-0.11868677288294,0.038827039301395,-0.0074264039285481,0.09492452442646,-0.042391926050186,0.1437763273716,-0.057773314416409,0.097039356827736,0.024028103798628,0.021723803132772,-0.079079039394855,0.091253578662872,0.085624448955059,0.14883080124855,0.077567681670189,0.17095641791821,-0.039360899478197,-0.046688795089722,0.015973046422005,0.067669771611691,0.27449217438698,0.050826579332352,0.01715206168592,-0.038056153804064,0.058419611304998,0.012555932626128,0.049326509237289,-0.05786494538188,0.058355934917927,0.094825521111488,-0.11969631910324,-0.031665049493313,-0.16481398046017,-0.11607602983713,0.0051905922591686,0.11311023682356,0.010663592256606,-0.067432954907417,0.053905136883259,0.039980359375477,0.1029177159071,0.031310360878706,-0.104148901999,-0.13288044929504,-0.093119092285633,0.037727508693933,-0.084016509354115,0.065198145806789,0.10902671515942,0.053837966173887,0.070418916642666,0.011201770044863,-0.083975598216057,0.0083230044692755,-0.058046821504831,-0.098678275942802,-0.11501064896584,0.15058960020542,0.0026751558762044,-0.075439848005772,-0.091960474848747,-0.08221909403801,0.14342203736305,-0.089197218418121,-0.027903724461794,-0.0098296925425529,-0.014058157801628,0.0029947534203529,0.0042684455402195,-0.0042364639230072,-0.083672285079956,-0.10808386653662,-0.12914498150349,-0.036697685718536,-0.09232234954834,0.0026335674338043,-0.027941269800067,0.06054837629199,-0.080735810101032,-0.030932260677218,0.19064651429653,0.023959696292877,-0.0025598662905395,-0.15847025811672,-0.039760280400515,0.059781964868307,0.18006154894829,-0.15852974355221,0.033017165958881,-0.012971326708794,0.11386682093143,0.15795736014843,-0.20916743576527,-0.060645055025816,-0.016095535829663,-0.16452054679394,0.019828667864203,0.025750488042831,0.050432022660971,-0.13632291555405,-0.10539085417986,0.042722422629595,0.10302899032831,0.00068389903753996,0.066837467253208,-0.12679968774319,0.060207806527615,0.012370959855616,-0.01682310923934,-0.026506848633289,0.085968621075153
0.062029048800468,0.02915851958096,-0.09986512362957,0.010580162517726,-0.057386662811041,0.11222948133945,-0.080229170620441,-0.015275319106877,-0.087668642401695,0.12611751258373,0.11407901346684,-0.020803328603506,0.062466006726027,0.041275449097157,-0.051115937530994,0.062486439943314,-0.011243279092014,0.15448591113091,0.061906754970551,-0.06430146843195,0.13432501256466,-0.10489321500063,0.13631121814251,-0.12618547677994,0.05558455735445,0.051510125398636,0.030629280954599,-0.089923895895481,-0.05369409173727,0.064961463212967,-0.055782955139875,0.091036260128021,0.053890656679869,0.031587731093168,0.0042369677685201,-0.036535169929266,-0.046339988708496,0.1049527078867,0.16986131668091,-0.056010015308857,-0.15191227197647,-0.066879510879517,-0.010237355716527,-0.024049213156104,-0.065678358078003,-0.17395184934139,0.031111063435674,-0.06037163734436,-0.076527655124664,0.0054903528653085,0.14554998278618,0.12410378456116,-0.030869835987687,0.13357223570347,-0.036224544048309,0.0024592743720859,0.23000037670135,-0.097331203520298,-0.003912549931556,-0.11836998164654,0.0020883558318019,-0.1126666367054,0.10795192420483,-0.078549429774284,0.03165140375495,0.067436031997204,-0.071540243923664,0.14479546248913,0.010670303367078,0.15510925650597,-0.013345010578632,0.04056105017662,-0.10586768388748,-0.048812918365002,-0.06587877869606,-0.07288882881403,0.018588498234749,-0.11529841274023,-0.068975247442722,0.0091090481728315,-0.12019196897745,-0.026215897873044,0.08059798181057,-0.024543650448322,-0.090101003646851,0.022155322134495,-0.003107805037871,-0.01543896459043,0.18542048335075,-0.033787097781897,-0.072935998439789,-0.085311897099018,-0.015672996640205,0.05413955450058,0.0048854178749025,-0.07297670096159,-0.055101428180933,0.19402125477791,-0.027048321440816,0.0079689491540194,0.093218311667442,0.065079785883427,0.0028115783352405,0.095009453594685,0.17182628810406,0.011839291080832,0.007307989988476,0.0011544467415661,0.061842292547226,-0.12062198668718,-0.15187451243401,0.036165051162243,0.0053442809730768,0.0029613438528031,0.17284664511681,0.0023308894596994,0.069667540490627,-0.043483607470989,0.14715595543385,0.031917277723551,0.08442235738039,-0.095250301063061,0.11557605117559,-0.07205256819725,0.096942439675331,-0.005932692438364,0.21049463748932,0.16299588978291
-0.015841845422983,0.051774308085442,-0.0018355655483902,-0.0028191099409014,-0.059121698141098,0.14447756111622,-0.06751861423254,0.04461383447051,-0.025006012991071,0.13389709591866,0.096222043037415,-0.019532293081284,0.019930327311158,-0.066066347062588,0.00018027483019978,0.021606799215078,-0.12851329147816,0.15087975561619,0.0083064632490277,-0.10882963240147,0.13596285879612,-0.094094045460224,0.12211033701897,-0.12574198842049,0.053275600075722,0.012519209645689,0.020056469365954,-0.12385341525078,-0.062141101807356,0.00036705861566588,-0.0086508970707655,0.026902498677373,0.07533860206604,0.064357630908489,0.04248271510005,-0.031565278768539,-0.036167647689581,0.043846931308508,0.0922507122159,-0.051089860498905,-0.048319559544325,-0.14778216183186,-0.029736271128058,0.015856133773923,-0.092307820916176,-0.15539459884167,0.030652841553092,-0.060068748891354,-0.12061606347561,-0.0039267083629966,0.11987305432558,0.087353780865669,-0.054415706545115,0.10166609287262,-0.024739041924477,0.048055320978165,0.18370826542377,-0.15100440382957,-0.043725822120905,-0.10247806459665,-0.011564768850803,-0.12702009081841,0.061106160283089,-0.048547096550465,0.097316175699234,0.031438730657101,-0.084180936217308,0.11656764149666,0.0090443063527346,0.21651035547256,-0.026445502415299,0.036306858062744,-0.10687381029129,-0.082688823342323,-0.035198446363211,-0.054310202598572,-0.031922936439514,-0.041916087269783,-0.063465818762779,-0.0092549826949835,-0.16210617125034,-0.031013863161206,0.086559310555458,0.034276682883501,-0.1113745495677,0.039004951715469,0.05167767778039,0.018792189657688,0.14032220840454,0.028380062431097,-0.054954394698143,-0.098175473511219,-0.047068700194359,0.01013733074069,-0.061915092170238,-0.057114943861961,-0.089521504938602,0.15304777026176,-0.019880678504705,0.029209772124887,0.10741808265448,0.03766393661499,-0.017854075878859,0.01608276180923,0.23894242942333,-0.0094352439045906,0.0049205236136913,0.022519500926137,0.022921994328499,-0.10325985401869,-0.16556592285633,0.026709603145719,-0.0090331584215164,-0.057465467602015,0.1910348534584,-0.0072100311517715,0.056686546653509,-0.061324194073677,0.16956517100334,0.07005325704813,0.14140033721924,-0.087230041623116,0.071380823850632,-0.029238760471344,0.14171767234802,-0.0028409596998245,0.22997179627419,0.1767650693655
0.07493893802166,0.078738056123257,-0.086397647857666,-0.026976130902767,-0.098056234419346,0.13913202285767,-0.093025147914886,-0.040366467088461,-0.051977153867483,0.092088043689728,0.12970460951328,-0.071751832962036,0.028351802378893,0.062903076410294,-0.010285352356732,0.023814965039492,-0.048003435134888,0.13749702274799,0.035821963101625,-0.13493354618549,0.068075925111771,-0.012263973243535,0.14648146927357,-0.12336859852076,0.039148084819317,0.017179731279612,0.099586226046085,-0.040418237447739,-0.036916442215443,0.044470701366663,-0.025088176131248,0.042148385196924,0.03587231785059,0.016933057457209,0.016836853697896,-0.018185809254646,-0.077368900179863,0.092059232294559,0.13327905535698,0.033075269311666,-0.17466814815998,-0.063203617930412,-0.099703148007393,0.021607091650367,-0.06563613563776,-0.10724614560604,-0.0180948022753,-0.027792474254966,-0.094999931752682,0.017824472859502,0.14021237194538,0.21013683080673,-0.02035865560174,0.089976884424686,-0.11407674103975,0.0094839362427592,0.20691637694836,-0.048310481011868,0.0046220938675106,-0.086137361824512,-0.045666854828596,-0.092033676803112,0.13824319839478,-0.054824464023113,-0.00042166849016212,0.037863649427891,-0.026050891727209,0.15427084267139,-0.0089360196143389,0.24218824505806,0.0082931909710169,0.0098658194765449,-0.085584208369255,-0.045232567936182,-0.058577090501785,-0.10855173319578,-0.033353921025991,-0.16883759200573,-0.10230439156294,0.027601920068264,-0.064977802336216,-0.036448448896408,0.047063965350389,-0.06864795088768,-0.10212617367506,-0.0063041294924915,-0.026050196960568,-0.093620918691158,0.11810594797134,0.013772548176348,-0.049710843712091,-0.094625607132912,-0.018853982910514,0.033880494534969,0.039888419210911,-0.060920622199774,-0.051732935011387,0.1503554880619,0.014128145761788,0.01034536678344,0.083348475396633,0.10130222886801,-0.0035529956221581,0.073881044983864,0.13679182529449,-0.0092786056920886,-0.0077504655346274,-0.020294357091188,0.073926098644733,-0.12775865197182,-0.057593915611506,0.062201820313931,0.014146734029055,0.014791008085012,0.15392047166824,0.016437955200672,0.060182854533195,-0.030020443722606,0.20868170261383,0.034339364618063,0.11941469460726,-0.14499670267105,0.089362524449825,-0.055453039705753,0.1398084461689,-0.03290107473731,0.21960061788559,0.15215907990932
0.029132047668099,0.0208979267627,-0.026470622047782,-0.047607999294996,-0.023125909268856,0.11806137114763,-0.1022681593895,0.064886048436165,-0.18932600319386,0.12028263509274,0.033354319632053,-0.094545349478722,0.023096360266209,0.037449065595865,0.10085673630238,0.032424870878458,-0.012964651919901,0.11696097999811,0.15866056084633,-0.06572113186121,0.084804326295853,-0.091424502432346,0.21414023637772,-0.12388022243977,0.086501345038414,0.029185310006142,0.072415918111801,-0.13880094885826,-0.018156243488193,-0.053847707808018,-0.00073540478479117,-0.018287044018507,0.090688414871693,0.0080618765205145,0.061157763004303,-0.0047602574340999,-0.033766280859709,0.080588154494762,0.08050774037838,-0.10931556671858,-0.10775194317102,-0.091922104358673,-0.0070553105324507,0.053573045879602,-0.14498603343964,-1.0665381523722e-05,0.089691713452339,-0.042674575001001,-0.19517897069454,-0.020700953900814,0.058593008667231,0.050868194550276,0.015194202773273,0.065325044095516,-0.046548776328564,0.015011120587587,0.22652818262577,-0.062344364821911,0.033558066934347,-0.12410874664783,-0.0010512064909562,-0.043638087809086,0.058335907757282,-0.063333585858345,0.13367506861687,0.092002391815186,-0.11916738003492,0.11681352555752,0.013256277889013,0.17758317291737,-0.055757313966751,0.038972031325102,-0.1297277957201,-0.11037404090166,-0.020710151642561,-0.078139163553715,-0.032960075885057,-0.030284229665995,0.018846677616239,-0.006073618773371,-0.16674882173538,-0.067357890307903,0.00027419280377217,-0.033876676112413,-0.071080632507801,-0.024596471339464,-0.034293066710234,0.010510146617889,0.10885606706142,0.022885525599122,0.020472884178162,0.013698218390346,-0.060060247778893,-0.0088691599667072,0.018345857039094,-0.03726563975215,-0.010021287016571,0.27855342626572,-0.035731539130211,-0.027548814192414,0.044343903660774,0.05329392105341,0.023148490116,-0.022258676588535,0.10515682399273,0.017864126712084,0.0085506262257695,-0.00018821054254659,0.1181119158864,-0.14444404840469,-0.089853517711163,0.050664979964495,0.036873906850815,-0.078001715242863,0.18025243282318,-0.0095096677541733,0.039763860404491,-0.12605014443398,0.14382231235504,0.078329592943192,0.098578557372093,-0.1273692548275,0.045974958688021,-0.032758958637714,0.071115992963314,-0.02037001773715,0.21336622536182,0.13383939862251
0.055300734937191,0.0037408208008856,-0.045285820960999,-0.06663740426302,-0.011994794011116,0.12419191002846,-0.10851895064116,-0.0029866732656956,-0.15936817228794,0.058917924761772,0.043755233287811,-0.0695536211133,0.047638881951571,0.073980666697025,0.057884436100721,0.084298513829708,-0.068296812474728,0.094644628465176,0.083242319524288,-0.073764353990555,0.12074653059244,-0.032264810055494,0.22857899963856,-0.16718889772892,0.053634289652109,0.070339754223824,0.062537118792534,-0.12943048775196,-0.030754871666431,-0.0038093184120953,-0.022381400689483,0.045758001506329,0.065347492694855,0.029157185927033,0.043256390839815,0.0047518447972834,-0.047145579010248,0.12240274995565,0.12787666916847,-0.053831748664379,-0.1330234259367,-0.064306676387787,-0.012955556623638,0.035996168851852,-0.12761306762695,-0.018099557608366,0.073808737099171,-0.04143314063549,-0.15913881361485,0.013532664626837,0.064290829002857,0.069469317793846,-0.0016088506672531,0.11640764027834,-0.040429715067148,-0.014840342104435,0.26258516311646,-0.035993602126837,0.0061743180267513,-0.1029619500041,-0.011351023800671,-0.05662740021944,0.10232025384903,-0.033179868012667,0.093273401260376,0.063712641596794,-0.11402709037066,0.18367277085781,0.044756755232811,0.20171625912189,-0.027367517352104,0.04829091578722,-0.1116309762001,-0.083586417138577,-0.02763001061976,-0.081885293126106,-0.054142698645592,-0.11605980247259,-0.035888634622097,0.025104507803917,-0.061796970665455,-0.045176539570093,0.024170869961381,-0.034212298691273,-0.12304214388132,-0.015563059598207,-0.0083795506507158,0.00079694052692503,0.08394992351532,0.012432756833732,0.028440898284316,-0.022421350702643,-0.071923814713955,0.013234628364444,-0.00083269801689312,-0.016362925991416,-0.04506428539753,0.28227916359901,-0.0039489134214818,-0.008546931669116,0.053946126252413,0.044213429093361,0.013860953040421,0.033177834004164,0.11304149031639,-0.0059018605388701,-0.043517243117094,0.031261630356312,0.11698333919048,-0.15284489095211,-0.084995493292809,0.066518135368824,-0.0057280100882053,-0.035519439727068,0.18314702808857,0.043786436319351,0.051111459732056,-0.082904279232025,0.12650808691978,0.082479238510132,0.12367381900549,-0.094759471714497,0.099835313856602,-0.047348462045193,0.050464686006308,-0.029297534376383,0.20972450077534,0.16197162866592
-0.013250465504825,0.073345154523849,0.037718378007412,-0.011085693724453,0.012995589524508,0.11584550887346,0.019401425495744,0.016390237957239,-0.11680851131678,0.016300512477756,0.048892993479967,0.033149193972349,-0.053784087300301,-0.10480820387602,0.056676395237446,-0.0007802271284163,-0.084240511059761,-0.083504877984524,0.093390092253685,-0.12156802415848,0.025928933173418,0.026318689808249,0.083355411887169,-0.080392494797707,0.091261565685272,0.10186316072941,0.07196357101202,-0.14220435917377,0.086158916354179,-0.056930109858513,0.075089797377586,-0.040530886501074,-0.042991992086172,-0.010510777123272,-0.020309261977673,-0.03443306311965,-0.063482165336609,0.061945293098688,0.10905802994967,0.15804186463356,0.096471793949604,-0.024874560534954,-0.12053273618221,0.079037599265575,-0.13716281950474,0.064773395657539,0.068771280348301,-0.14138467609882,-0.091491341590881,-0.12235445529222,0.051642406731844,0.180817887187,-0.074912376701832,-0.010278016328812,-0.053024396300316,0.021879814565182,0.13986927270889,0.096829555928707,-0.069196157157421,0.072149038314819,-0.074645414948463,-0.1267828643322,0.10565378516912,-0.056272316724062,0.17295397818089,-0.12176635861397,0.034636918455362,0.037826515734196,0.068839266896248,0.20097468793392,0.0062442016787827,0.17462126910686,-0.072284117341042,0.0548883266747,0.077581644058228,-0.02759806625545,-0.12201047688723,0.10228887945414,-0.090400360524654,0.11640200763941,-0.163179859519,-0.0094961477443576,0.15349566936493,0.081490829586983,-0.08974090218544,-0.089896306395531,0.16582177579403,0.0077873296104372,-0.11922328919172,-0.1704234033823,-0.030843215063214,0.015272447839379,-0.034588824957609,-0.0056796325370669,0.0079541681334376,-0.13331528007984,0.11313211917877,0.047575879842043,0.02904400229454,0.010314066894352,-0.14849574863911,0.045618746429682,-0.026535216718912,0.1415344029665,0.021053800359368,-0.040708392858505,0.023341303691268,0.14342407882214,0.092122986912727,-0.12339888513088,-0.015800528228283,0.048514902591705,-0.088739663362503,-0.018446303904057,0.12918898463249,0.027104035019875,-0.064654476940632,-0.11650700122118,0.084519371390343,0.11877214163542,0.070318907499313,0.01774893142283,-0.071514815092087,-0.0038759324233979,0.061814103275537,0.042457241564989,0.036877278238535,0.13698196411133
-0.040302682667971,0.11622861772776,0.069711893796921,-0.046841848641634,-0.00075730658136308,0.013544024899602,0.021748038008809,-0.020355207845569,-0.087153911590576,-0.055292338132858,0.025523329153657,-0.0098802167922258,-0.013585021719337,0.011090180836618,0.055837713181973,-0.048358611762524,-0.072107240557671,-0.11240250617266,0.045825585722923,-0.1095360070467,0.022247277200222,-0.0015209410339594,0.081753239035606,-0.11105722934008,0.12929524481297,0.077943347394466,0.049147740006447,-0.033167596906424,0.11476118862629,-0.025084493681788,0.097347028553486,-0.056992176920176,0.013872121460736,-0.044414099305868,-0.029946204274893,-0.096087239682674,-0.050316281616688,0.17928022146225,0.12732765078545,0.11502259224653,0.089350424706936,0.021933661773801,-0.057781014591455,0.080803275108337,-0.13669772446156,0.032069239765406,0.026085790246725,-0.15307557582855,-0.052447028458118,-0.16155377030373,-0.046302895992994,0.14714619517326,0.000532126869075,0.008085791952908,-0.087945885956287,0.0043115196749568,0.082415692508221,0.14910840988159,-0.069746270775795,-0.020312925800681,-0.09149281680584,-0.10969361662865,0.086241915822029,0.023316122591496,0.084375090897083,0.044438797980547,0.050095189362764,0.031619716435671,0.030551547184587,0.03923362866044,0.037616010755301,0.087512172758579,-0.023709025233984,0.045663721859455,0.14455047249794,-0.022497225552797,-0.13206358253956,-0.073591247200966,-0.041304510086775,0.16213797032833,-0.13971839845181,-0.036599539220333,0.16929039359093,0.086880154907703,-0.027366815134883,-0.11295782029629,0.12493555992842,0.0069452207535505,-0.083092331886292,-0.18147799372673,-0.030507171526551,-0.042817112058401,0.033484801650047,-0.019789578393102,-0.0012022929731756,-0.20018307864666,0.050661262124777,0.091527938842773,0.028650397434831,-0.012405829504132,-0.19030539691448,0.035256873816252,0.037688076496124,0.18986047804356,-0.063930779695511,-0.0036660027690232,0.038620866835117,0.19687457382679,0.17282564938068,-0.19948031008244,0.058421779423952,0.023836983367801,-0.16932179033756,0.085411839187145,0.059325195848942,0.027792127802968,-0.11214304715395,-0.042275846004486,0.099020406603813,0.082005642354488,0.033473234623671,0.028931759297848,-0.16701592504978,-0.026781229302287,0.048459239304066,0.0080997021868825,-0.00065417768200859,0.1229982227087
-0.049663554877043,0.13365802168846,0.04097219184041,-0.03707093372941,0.0038817611057311,-0.025189902633429,0.053547669202089,-0.026390183717012,-0.11015558242798,0.012890025041997,0.0080252690240741,-0.0017737169982865,-0.00042645883513615,0.031380355358124,0.039966054260731,-0.037777122110128,-0.0081882001832128,-0.074104025959969,0.093182981014252,-0.099060215055943,0.032164588570595,-0.02186730876565,0.05141943693161,-0.041092984378338,0.11257851868868,0.081653825938702,0.020259343087673,-0.059272058308125,0.15277609229088,0.036482024937868,0.061007518321276,-0.062806256115437,0.00095682143000886,-0.098622038960457,-0.029322927817702,-0.10980654507875,-0.067543387413025,0.18206515908241,0.095164366066456,0.12664318084717,0.03178658336401,0.07563641667366,-0.058550804853439,0.10064924508333,-0.11314335465431,0.076586969196796,0.070119775831699,-0.16550429165363,-0.046307202428579,-0.20482735335827,0.010459594428539,0.13928484916687,-0.014868694357574,-0.032061815261841,-0.065139718353748,0.032174032181501,0.089715994894505,0.19441474974155,-0.013854036107659,-0.0025586055126041,-0.048633880913258,-0.11229886114597,0.073903366923332,0.015463035553694,0.10596362501383,-0.028252815827727,0.049456652253866,0.0017665497725829,0.035644050687551,0.023514354601502,0.062095087021589,0.12371932715178,-0.020775187760592,0.037387177348137,0.10045326501131,0.0073748007416725,-0.13566468656063,0.0090037370100617,-0.019261159002781,0.10555255413055,-0.1511934697628,0.001939982525073,0.12396164983511,0.086732968688011,-0.0045562437735498,-0.13923412561417,0.11069705337286,-0.021757196635008,-0.073795914649963,-0.21907168626785,-0.096874818205833,-0.0024193995632231,0.042772527784109,-0.053946353495121,0.043192427605391,-0.1994906514883,0.092307291924953,0.085966370999813,0.044138588011265,-0.0049759256653488,-0.19013684988022,0.060171939432621,0.058576971292496,0.18742425739765,-0.13456337153912,-0.017765885218978,0.025135340169072,0.14708177745342,0.18305383622646,-0.16876322031021,0.075625166296959,0.0058146137744188,-0.14907316863537,0.042912863194942,0.039201889187098,0.053407166153193,-0.11138915270567,-0.089030638337135,0.029481209814548,0.056540284305811,-0.018736643716693,0.046241823583841,-0.1890085041523,-0.034344490617514,-0.0064633688889444,0.048802003264427,-0.07126584649086,0.089470542967319
-0.011496207676828,0.17152015864849,0.061719994992018,-0.028127184137702,0.0027494037058204,0.05827908217907,0.009230975061655,-0.0055606556124985,-0.097110480070114,-0.026442157104611,0.018935715779662,-0.026312243193388,-0.056948967278004,-0.095717996358871,0.049879163503647,-0.0013394934358075,-0.084742195904255,-0.12272235751152,0.051115203648806,-0.11198604851961,0.025252733379602,0.021804049611092,0.098285965621471,-0.1237665861845,0.1052251458168,0.053996078670025,0.047817327082157,-0.084315672516823,0.12767648696899,-0.034919384866953,0.071177236735821,-0.021961435675621,-0.020404700189829,0.00087333016563207,-0.014328744262457,-0.080074645578861,-0.014862483367324,0.13072553277016,0.13814960420132,0.13432876765728,0.059451937675476,-0.044525612145662,-0.084274224936962,0.033032510429621,-0.091870501637459,0.14061944186687,0.065893761813641,-0.13030314445496,-0.12956389784813,-0.097249105572701,-0.00051498098764569,0.25370183587074,-0.04000585526228,0.003355429507792,-0.085765726864338,-0.01926770247519,0.15847593545914,0.047778554260731,-0.089608363807201,0.022043427452445,-0.055982779711485,-0.10494068264961,0.073491901159286,-0.030767872929573,0.11073177307844,-0.073223896324635,0.039150264114141,0.048014517873526,0.044269386678934,0.14851832389832,-0.00076961296144873,0.11482176929712,-0.092344872653484,0.079456925392151,0.11976668983698,-0.033039521425962,-0.10440873354673,0.045064654201269,-0.062100488692522,0.15775336325169,-0.15242321789265,-0.010891951620579,0.13176801800728,0.097881726920605,-0.034232497215271,-0.077095329761505,0.087088443338871,-0.0014679706655443,-0.098814018070698,-0.13565853238106,-0.0055393339134753,-0.010334476828575,-0.022552153095603,0.011165671050549,0.0022813617251813,-0.15577307343483,0.10590424388647,0.084968984127045,0.032825957983732,-0.027864996343851,-0.14546544849873,0.040266487747431,-0.03078637458384,0.20283149182796,-0.0086901150643826,-0.038992468267679,0.037259798496962,0.21781013906002,0.15164011716843,-0.14045557379723,0.017157565802336,0.044868737459183,-0.15037125349045,0.036933302879333,0.10002039372921,0.024105560034513,-0.097955510020256,-0.09596985578537,0.11495008319616,0.12187591195107,0.054132219403982,0.07909170538187,-0.083929933607578,0.021300919353962,0.078205302357674,-0.0098230252042413,0.060019411146641,0.088717371225357
-0.010926679708064,0.15135000646114,0.024535302072763,-0.012169141322374,-0.014056296087801,0.079320169985294,0.0080856177955866,0.0044446680694818,-0.1289237588644,0.017011528834701,0.035850580781698,0.0045818509534001,-0.038984194397926,-0.091106735169888,0.046776488423347,0.0020206421613693,-0.059819471091032,-0.11511977761984,0.086319260299206,-0.10980773717165,0.005225345492363,-0.0084813954308629,0.092699863016605,-0.064736276865005,0.11460515856743,0.076058909296989,0.090086229145527,-0.096011683344841,0.12117618322372,-0.031011315062642,0.0612170137465,-0.0054267579689622,-0.020910898223519,0.0045376033522189,-0.064725466072559,-0.083847500383854,-0.035601932555437,0.10792737454176,0.13277174532413,0.15168963372707,0.067550405859947,-0.067704699933529,-0.079201735556126,0.038223382085562,-0.10391546785831,0.087905146181583,0.084583483636379,-0.13814790546894,-0.1271888166666,-0.11012134701014,0.05608893930912,0.22787414491177,-0.035149820148945,-0.0075331074185669,-0.072862483561039,0.014247718267143,0.15213070809841,0.084717579185963,-0.04964391887188,0.022161304950714,-0.076048158109188,-0.11121939867735,0.085785835981369,-0.059925325214863,0.11020917445421,-0.043214950710535,0.034209441393614,0.027725117281079,0.021582471206784,0.13644161820412,-0.038108009845018,0.12871743738651,-0.10962495207787,0.08952634781599,0.14069287478924,-0.032799985259771,-0.076544977724552,0.060383427888155,-0.070466279983521,0.1594252884388,-0.16815459728241,-0.035786908119917,0.14797139167786,0.070168890058994,-0.048103928565979,-0.073440633714199,0.10633988678455,-0.017646539956331,-0.089056484401226,-0.15627628564835,-0.041763421148062,-0.0090088630095124,-0.016750173643231,0.020994894206524,0.013711372390389,-0.13626645505428,0.11167038232088,0.082695253193378,0.051715590059757,-0.034702330827713,-0.15146908164024,0.037771783769131,-0.02150171995163,0.23093953728676,-0.01598153822124,-0.03141138330102,0.014782899990678,0.19785866141319,0.11518904566765,-0.16891068220139,0.0075301085598767,0.077977553009987,-0.10987049341202,0.010818224400282,0.10094710439444,0.01074780896306,-0.089084893465042,-0.095968313515186,0.12897226214409,0.13682787120342,0.063853569328785,0.028683766722679,-0.088253870606422,-0.0069569358602166,0.055032018572092,0.024213591590524,0.028456907719374,0.099113948643208
